{"cameraMode":{"drawMode":0,"name":"Shaded","section":"Shading Mode"},"sceneLighting":true,"audioPlay":false,"sceneViewState":{"showFog":true,"showMaterialUpdate":false,"showSkybox":true,"showFlares":true,"showImageEffects":true,"showParticleSystems":true},"in2DMode":false,"pivot":{"x":-9.459972381591797,"y":1.2453341484069825,"z":9.756209373474121},"rotation":{"x":-0.17426413297653199,"y":0.6783190369606018,"z":-0.1705392301082611,"w":-0.6931325197219849},"size":1.3238608837127686,"orthographic":false}