{"cameraMode":{"drawMode":0,"name":"Shaded","section":"Shading Mode"},"sceneLighting":true,"audioPlay":false,"sceneViewState":{"showFog":true,"showMaterialUpdate":false,"showSkybox":false,"showFlares":true,"showImageEffects":true,"showParticleSystems":true},"in2DMode":false,"pivot":{"x":0.0,"y":2.8559999465942385,"z":0.4869999885559082},"rotation":{"x":0.09767995029687882,"y":0.7709353566169739,"z":-0.12196068465709686,"w":0.6174502968788147},"size":6.062177658081055,"orthographic":false}