{"cameraMode":{"drawMode":0,"name":"Shaded","section":"Shading Mode"},"sceneLighting":true,"audioPlay":false,"sceneViewState":{"showFog":true,"showMaterialUpdate":false,"showSkybox":false,"showFlares":true,"showImageEffects":true,"showParticleSystems":true},"in2DMode":false,"pivot":{"x":13.621647834777832,"y":-2.1772632598876955,"z":-1.5169081687927247},"rotation":{"x":0.09410720318555832,"y":0.8787332773208618,"z":-0.1941896677017212,"w":0.4257710874080658},"size":7.760433673858643,"orthographic":false}